-- artsphere_dml.sql
-- Sample Data Inserts

INSERT INTO user (user_id, username, email, password_hash, created_at) VALUES ('1', 'kamilla', 'kamilla.volkova@trincoll.edu', '$2b$12$d6BKdi7.sm0qeceFJ90zvOc/CigWXofJegeLbyYlHlDIte70wwSpa', '2025-04-29 01:22:11.050964');
INSERT INTO user (user_id, username, email, password_hash, created_at) VALUES ('2', 'volkova', 'kvolkova@trincoll.edu', '$2b$12$UV9YCxClb8voOPPiokPG4Ouh5jmfG2mg0eDM5QlDojfVUR07xJhx2', '2025-04-29 01:23:07.902295');
INSERT INTO user (user_id, username, email, password_hash, created_at) VALUES ('3', 'kv', 'kv@trincoll.edu', '$2b$12$feXDfvTjO92NfwzZmKTBveIBhbbqXdVij5Th2nfA/TTIwXT.yGT0W', '2025-04-29 01:26:24.753870');
INSERT INTO museum (Museum_ID, Museum_Name, Address, Latitude, Longitude) VALUES ('1', 'The Metropolitan Museum of Art', '1000 5th Ave, New York, NY 10028', '40.779434', '-73.963402');
INSERT INTO museum (Museum_ID, Museum_Name, Address, Latitude, Longitude) VALUES ('2', 'The Rubin Museum of Art', '150 W 17th St, New York, NY 10011', '40.7401', '-73.9978');
INSERT INTO museum (Museum_ID, Museum_Name, Address, Latitude, Longitude) VALUES ('3', 'The Brooklyn Museum', '200 Eastern Pkwy, Brooklyn, NY 11238', '40.671307', '-73.96375');
INSERT INTO museum (Museum_ID, Museum_Name, Address, Latitude, Longitude) VALUES ('4', 'The Museum of Modern Art (MoMA)', '11 W 53rd St, New York, NY 10019', '40.761509', '-73.978271');
INSERT INTO museum (Museum_ID, Museum_Name, Address, Latitude, Longitude) VALUES ('5', 'The Solomon R. Guggenheim Museum', '1071 5th Ave, New York, NY 10128', '40.782951', '-73.958992');
INSERT INTO museum (Museum_ID, Museum_Name, Address, Latitude, Longitude) VALUES ('6', 'The Whitney Museum of American Art', '99 Gansevoort St, New York, NY 10014', '40.739613', '-74.00898');
INSERT INTO museum (Museum_ID, Museum_Name, Address, Latitude, Longitude) VALUES ('7', 'The Frick Collection', '1 E 70th St, New York, NY 10021', '40.769331', '-73.967247');
INSERT INTO museum (Museum_ID, Museum_Name, Address, Latitude, Longitude) VALUES ('8', 'The Museum of the City of New York', '1220 5th Ave, New York, NY 10029', '40.7925', '-73.951944');
INSERT INTO museum (Museum_ID, Museum_Name, Address, Latitude, Longitude) VALUES ('9', 'The New Museum', '235 Bowery, New York, NY 10002', '40.722239', '-73.993219');
INSERT INTO museum (Museum_ID, Museum_Name, Address, Latitude, Longitude) VALUES ('10', 'The Museum of the Moving Image', '36-01 35th Ave, Astoria, NY 11106', '40.756211', '-73.923964');
INSERT INTO medium (medium_id, name, material) VALUES ('1', 'Textile', 'Cotton');
INSERT INTO medium (medium_id, name, material) VALUES ('2', 'Sculpture', 'Marble');
INSERT INTO medium (medium_id, name, material) VALUES ('3', 'Coin', 'Gold');
INSERT INTO medium (medium_id, name, material) VALUES ('4', 'Object', 'Mixed');
INSERT INTO medium (medium_id, name, material) VALUES ('5', 'Furniture', 'Wood');
INSERT INTO medium (medium_id, name, material) VALUES ('6', 'Oil Painting', 'Canvas');
INSERT INTO type (type_id, type_name) VALUES ('1', 'Sculpture');
INSERT INTO type (type_id, type_name) VALUES ('2', 'Furniture');
INSERT INTO type (type_id, type_name) VALUES ('3', 'Mixed Media');
INSERT INTO type (type_id, type_name) VALUES ('4', 'Numismatics');
INSERT INTO type (type_id, type_name) VALUES ('5', 'Textile Art');
INSERT INTO type (type_id, type_name) VALUES ('6', 'Painting');
INSERT INTO department (dept_id, dept_name) VALUES ('1', 'Decorative Arts');
INSERT INTO department (dept_id, dept_name) VALUES ('2', 'Paintings');
INSERT INTO department (dept_id, dept_name) VALUES ('3', 'General Collection');
INSERT INTO department (dept_id, dept_name) VALUES ('4', 'Sculptures');
INSERT INTO department (dept_id, dept_name) VALUES ('5', 'Fashion and Textile Arts');
INSERT INTO creator (creator_id, creator_type) VALUES ('1', 'artist');
INSERT INTO creator (creator_id, creator_type) VALUES ('2', 'artist');
INSERT INTO creator (creator_id, creator_type) VALUES ('3', 'artist');
INSERT INTO creator (creator_id, creator_type) VALUES ('4', 'artist');
INSERT INTO creator (creator_id, creator_type) VALUES ('5', 'artist');
INSERT INTO creator (creator_id, creator_type) VALUES ('6', 'artist');
INSERT INTO creator (creator_id, creator_type) VALUES ('7', 'artist');
INSERT INTO creator (creator_id, creator_type) VALUES ('8', 'artist');
INSERT INTO creator (creator_id, creator_type) VALUES ('9', 'artist');
INSERT INTO creator (creator_id, creator_type) VALUES ('10', 'artist');
INSERT INTO creator (creator_id, creator_type) VALUES ('11', 'artist');
INSERT INTO creator (creator_id, creator_type) VALUES ('12', 'artist');
INSERT INTO creator (creator_id, creator_type) VALUES ('13', 'artist');
INSERT INTO creator (creator_id, creator_type) VALUES ('14', 'artist');
INSERT INTO creator (creator_id, creator_type) VALUES ('15', 'artist');
INSERT INTO creator (creator_id, creator_type) VALUES ('16', 'artist');
INSERT INTO creator (creator_id, creator_type) VALUES ('17', 'artist');
INSERT INTO creator (creator_id, creator_type) VALUES ('18', 'artist');
INSERT INTO creator (creator_id, creator_type) VALUES ('19', 'artist');
INSERT INTO creator (creator_id, creator_type) VALUES ('20', 'artist');
INSERT INTO creator (creator_id, creator_type) VALUES ('21', 'artist');
INSERT INTO creator (creator_id, creator_type) VALUES ('22', 'artist');
INSERT INTO creator (creator_id, creator_type) VALUES ('23', 'artist');
INSERT INTO creator (creator_id, creator_type) VALUES ('24', 'artist');
INSERT INTO creator (creator_id, creator_type) VALUES ('25', 'artist');
INSERT INTO creator (creator_id, creator_type) VALUES ('26', 'artist');
INSERT INTO creator (creator_id, creator_type) VALUES ('27', 'artist');
INSERT INTO creator (creator_id, creator_type) VALUES ('28', 'artist');
INSERT INTO creator (creator_id, creator_type) VALUES ('29', 'artist');
INSERT INTO creator (creator_id, creator_type) VALUES ('30', 'artist');
INSERT INTO creator (creator_id, creator_type) VALUES ('31', 'artist');
INSERT INTO creator (creator_id, creator_type) VALUES ('32', 'artist');
INSERT INTO creator (creator_id, creator_type) VALUES ('33', 'artist');
INSERT INTO creator (creator_id, creator_type) VALUES ('34', 'artist');
INSERT INTO creator (creator_id, creator_type) VALUES ('35', 'artist');
INSERT INTO creator (creator_id, creator_type) VALUES ('36', 'artist');
INSERT INTO creator (creator_id, creator_type) VALUES ('37', 'artist');
INSERT INTO creator (creator_id, creator_type) VALUES ('38', 'artist');
INSERT INTO creator (creator_id, creator_type) VALUES ('39', 'artist');
INSERT INTO creator (creator_id, creator_type) VALUES ('40', 'artist');
INSERT INTO creator (creator_id, creator_type) VALUES ('41', 'artist');
INSERT INTO creator (creator_id, creator_type) VALUES ('42', 'artist');
INSERT INTO creator (creator_id, creator_type) VALUES ('43', 'artist');
INSERT INTO creator (creator_id, creator_type) VALUES ('44', 'artist');
INSERT INTO creator (creator_id, creator_type) VALUES ('45', 'artist');
INSERT INTO creator (creator_id, creator_type) VALUES ('46', 'artist');
INSERT INTO creator (creator_id, creator_type) VALUES ('47', 'artist');
INSERT INTO creator (creator_id, creator_type) VALUES ('48', 'artist');
INSERT INTO creator (creator_id, creator_type) VALUES ('49', 'artist');
INSERT INTO creator (creator_id, creator_type) VALUES ('50', 'artist');
INSERT INTO creator (creator_id, creator_type) VALUES ('51', 'artist');
INSERT INTO creator (creator_id, creator_type) VALUES ('52', 'artist');
INSERT INTO creator (creator_id, creator_type) VALUES ('53', 'artist');
INSERT INTO creator (creator_id, creator_type) VALUES ('54', 'artist');
INSERT INTO creator (creator_id, creator_type) VALUES ('55', 'artist');
INSERT INTO creator (creator_id, creator_type) VALUES ('56', 'artist');
INSERT INTO creator (creator_id, creator_type) VALUES ('57', 'artist');
INSERT INTO creator (creator_id, creator_type) VALUES ('58', 'artist');
INSERT INTO creator (creator_id, creator_type) VALUES ('59', 'artist');
INSERT INTO creator (creator_id, creator_type) VALUES ('60', 'artist');
INSERT INTO creator (creator_id, creator_type) VALUES ('61', 'artist');
INSERT INTO creator (creator_id, creator_type) VALUES ('62', 'artist');
INSERT INTO creator (creator_id, creator_type) VALUES ('63', 'artist');
INSERT INTO creator (creator_id, creator_type) VALUES ('64', 'artist');
INSERT INTO creator (creator_id, creator_type) VALUES ('65', 'artist');
INSERT INTO creator (creator_id, creator_type) VALUES ('66', 'artist');
INSERT INTO creator (creator_id, creator_type) VALUES ('67', 'artist');
INSERT INTO creator (creator_id, creator_type) VALUES ('68', 'artist');
INSERT INTO creator (creator_id, creator_type) VALUES ('69', 'artist');
INSERT INTO creator (creator_id, creator_type) VALUES ('70', 'artist');
INSERT INTO creator (creator_id, creator_type) VALUES ('71', 'artist');
INSERT INTO creator (creator_id, creator_type) VALUES ('72', 'artist');
INSERT INTO creator (creator_id, creator_type) VALUES ('73', 'artist');
INSERT INTO creator (creator_id, creator_type) VALUES ('74', 'artist');
INSERT INTO creator (creator_id, creator_type) VALUES ('75', 'artist');
INSERT INTO creator (creator_id, creator_type) VALUES ('76', 'artist');
INSERT INTO creator (creator_id, creator_type) VALUES ('77', 'artist');
INSERT INTO creator (creator_id, creator_type) VALUES ('78', 'artist');
INSERT INTO creator (creator_id, creator_type) VALUES ('79', 'artist');
INSERT INTO creator (creator_id, creator_type) VALUES ('80', 'artist');
INSERT INTO creator (creator_id, creator_type) VALUES ('81', 'artist');
INSERT INTO creator (creator_id, creator_type) VALUES ('82', 'artist');
INSERT INTO creator (creator_id, creator_type) VALUES ('83', 'artist');
INSERT INTO creator (creator_id, creator_type) VALUES ('84', 'artist');
INSERT INTO creator (creator_id, creator_type) VALUES ('85', 'artist');
INSERT INTO creator (creator_id, creator_type) VALUES ('86', 'artist');
INSERT INTO creator (creator_id, creator_type) VALUES ('87', 'artist');
INSERT INTO creator (creator_id, creator_type) VALUES ('88', 'artist');
INSERT INTO creator (creator_id, creator_type) VALUES ('89', 'artist');
INSERT INTO creator (creator_id, creator_type) VALUES ('90', 'artist');
INSERT INTO creator (creator_id, creator_type) VALUES ('91', 'artist');
INSERT INTO creator (creator_id, creator_type) VALUES ('92', 'artist');
INSERT INTO creator (creator_id, creator_type) VALUES ('93', 'artist');
INSERT INTO creator (creator_id, creator_type) VALUES ('94', 'company');
INSERT INTO creator (creator_id, creator_type) VALUES ('95', 'company');
INSERT INTO creator (creator_id, creator_type) VALUES ('96', 'company');
INSERT INTO creator (creator_id, creator_type) VALUES ('97', 'company');
INSERT INTO creator (creator_id, creator_type) VALUES ('98', 'company');
INSERT INTO artist (artist_id, creator_id, begin_date, end_date, nationality, artist_name) VALUES ('1', '1', 'unknown', 'unknown', 'American', 'V. Galli');
INSERT INTO artist (artist_id, creator_id, begin_date, end_date, nationality, artist_name) VALUES ('2', '2', 'unknown', 'unknown', 'Japanese', 'Yayoi Kusama');
INSERT INTO artist (artist_id, creator_id, begin_date, end_date, nationality, artist_name) VALUES ('3', '3', NULL, NULL, NULL, 'James Gillinder and Sons');
INSERT INTO artist (artist_id, creator_id, begin_date, end_date, nationality, artist_name) VALUES ('4', '4', '1769', '1842', 'American', 'Samuel Baum Sr.');
INSERT INTO artist (artist_id, creator_id, begin_date, end_date, nationality, artist_name) VALUES ('5', '5', '1634', '1716', 'French', 'Pierre Mariette le fils');
INSERT INTO artist (artist_id, creator_id, begin_date, end_date, nationality, artist_name) VALUES ('6', '6', '1703', '1777', 'Dutch', 'Jean Goermans');
INSERT INTO artist (artist_id, creator_id, begin_date, end_date, nationality, artist_name) VALUES ('7', '7', 'unknown', 'unknown', 'British', 'David Nutt');
INSERT INTO artist (artist_id, creator_id, begin_date, end_date, nationality, artist_name) VALUES ('8', '8', 'unknown', 'unknown', 'American', 'Mary Tom Clayton');
INSERT INTO artist (artist_id, creator_id, begin_date, end_date, nationality, artist_name) VALUES ('9', '9', '1859', '1943', 'Czech', 'Heinrich Kautsch');
INSERT INTO artist (artist_id, creator_id, begin_date, end_date, nationality, artist_name) VALUES ('10', '10', '1826', '1902', 'British', 'Sir Frederick Temple Hamilton-Temple-Blackwood, 1st Earl of Dufferin');
INSERT INTO artist (artist_id, creator_id, begin_date, end_date, nationality, artist_name) VALUES ('11', '11', 'unknown', 'unknown', 'American', 'Theodore Sedgwick');
INSERT INTO artist (artist_id, creator_id, begin_date, end_date, nationality, artist_name) VALUES ('12', '12', '1568', '1629', 'Netherlandish', 'Aegidius Sadeler II');
INSERT INTO artist (artist_id, creator_id, begin_date, end_date, nationality, artist_name) VALUES ('13', '13', 'unknown', 'unknown', 'French', 'Perdoux');
INSERT INTO artist (artist_id, creator_id, begin_date, end_date, nationality, artist_name) VALUES ('14', '14', 'unknown', 'unknown', 'Italian', 'Paolo Ripamonti Carpano');
INSERT INTO artist (artist_id, creator_id, begin_date, end_date, nationality, artist_name) VALUES ('15', '15', 'unknown', 'unknown', 'American', 'Aaron Douglas');
INSERT INTO artist (artist_id, creator_id, begin_date, end_date, nationality, artist_name) VALUES ('16', '16', '1626', '1679', 'Dutch', 'Jan Steen');
INSERT INTO artist (artist_id, creator_id, begin_date, end_date, nationality, artist_name) VALUES ('17', '17', '1471', '1528', 'German', 'Albrecht Dürer');
INSERT INTO artist (artist_id, creator_id, begin_date, end_date, nationality, artist_name) VALUES ('18', '18', '1881', '1973', 'Spanish', 'Pablo Picasso');
INSERT INTO artist (artist_id, creator_id, begin_date, end_date, nationality, artist_name) VALUES ('19', '19', 'unknown', 'unknown', 'American', 'The New York Albion');
INSERT INTO artist (artist_id, creator_id, begin_date, end_date, nationality, artist_name) VALUES ('20', '20', 'unknown', 'unknown', 'Unknown', 'G. H.');
INSERT INTO artist (artist_id, creator_id, begin_date, end_date, nationality, artist_name) VALUES ('21', '21', '1757', '1822', 'Italian', 'Antonio Canova');
INSERT INTO artist (artist_id, creator_id, begin_date, end_date, nationality, artist_name) VALUES ('22', '22', '1885', '1932', 'American', 'Conrad Henninger');
INSERT INTO artist (artist_id, creator_id, begin_date, end_date, nationality, artist_name) VALUES ('23', '23', '1975', 'unknown', 'German', 'Julian Faulhaber');
INSERT INTO artist (artist_id, creator_id, begin_date, end_date, nationality, artist_name) VALUES ('24', '24', '1700', '1800', 'French', 'Anonymous, French, 18th century');
INSERT INTO artist (artist_id, creator_id, begin_date, end_date, nationality, artist_name) VALUES ('25', '25', '1858', '1923', 'Unknown', 'Jacques Seligmann');
INSERT INTO artist (artist_id, creator_id, begin_date, end_date, nationality, artist_name) VALUES ('26', '26', '1765', '1795', 'French', 'Pierre Stephan');
INSERT INTO artist (artist_id, creator_id, begin_date, end_date, nationality, artist_name) VALUES ('27', '27', '1700', '1750', 'British', 'William Green');
INSERT INTO artist (artist_id, creator_id, begin_date, end_date, nationality, artist_name) VALUES ('28', '28', '1785', '1844', 'American', 'Christian Gobrecht');
INSERT INTO artist (artist_id, creator_id, begin_date, end_date, nationality, artist_name) VALUES ('29', '29', 'unknown', 'unknown', 'British', 'Charles Edwin Oliver');
INSERT INTO artist (artist_id, creator_id, begin_date, end_date, nationality, artist_name) VALUES ('30', '30', '1736', '1815', 'American', 'John Bailey');
INSERT INTO artist (artist_id, creator_id, begin_date, end_date, nationality, artist_name) VALUES ('31', '31', '1620', '1720', 'British', 'William Jaques');
INSERT INTO artist (artist_id, creator_id, begin_date, end_date, nationality, artist_name) VALUES ('32', '32', NULL, NULL, NULL, 'Josiah Wedgwood and Sons');
INSERT INTO artist (artist_id, creator_id, begin_date, end_date, nationality, artist_name) VALUES ('33', '33', '1800', '1900', 'Italian', 'Alessandro Angeli');
INSERT INTO artist (artist_id, creator_id, begin_date, end_date, nationality, artist_name) VALUES ('34', '34', 'unknown', 'unknown', 'American', 'Francis S. Low');
INSERT INTO artist (artist_id, creator_id, begin_date, end_date, nationality, artist_name) VALUES ('35', '35', 'unknown', 'unknown', 'French', 'Padeloup');
INSERT INTO artist (artist_id, creator_id, begin_date, end_date, nationality, artist_name) VALUES ('36', '36', '1853', '1890', 'Dutch', 'Vincent van Gogh');
INSERT INTO artist (artist_id, creator_id, begin_date, end_date, nationality, artist_name) VALUES ('37', '37', '1859', '1927', 'American', 'Paulding Farnham');
INSERT INTO artist (artist_id, creator_id, begin_date, end_date, nationality, artist_name) VALUES ('38', '38', '1623', '1700', 'French', 'Le Blond');
INSERT INTO artist (artist_id, creator_id, begin_date, end_date, nationality, artist_name) VALUES ('39', '39', '1487', '1528', 'German', 'Peter Vischer the Younger');
INSERT INTO artist (artist_id, creator_id, begin_date, end_date, nationality, artist_name) VALUES ('40', '40', '1840', '1917', 'French', 'Auguste Rodin');
INSERT INTO artist (artist_id, creator_id, begin_date, end_date, nationality, artist_name) VALUES ('41', '41', 'unknown', 'unknown', 'French', 'Charles Mendel');
INSERT INTO artist (artist_id, creator_id, begin_date, end_date, nationality, artist_name) VALUES ('42', '42', 'unknown', 'unknown', 'Japanese', 'Utagawa Kunimaru');
INSERT INTO artist (artist_id, creator_id, begin_date, end_date, nationality, artist_name) VALUES ('43', '43', '1886', '1957', 'Mexican', 'Diego Rivera');
INSERT INTO artist (artist_id, creator_id, begin_date, end_date, nationality, artist_name) VALUES ('44', '44', '1877', '1942', 'Russian', 'Alexei Alexandrovich Radakov');
INSERT INTO artist (artist_id, creator_id, begin_date, end_date, nationality, artist_name) VALUES ('45', '45', '1889', '1966', 'Native American', 'Jimmy Keywaytewa');
INSERT INTO artist (artist_id, creator_id, begin_date, end_date, nationality, artist_name) VALUES ('46', '46', NULL, NULL, NULL, 'John Constable');
INSERT INTO artist (artist_id, creator_id, begin_date, end_date, nationality, artist_name) VALUES ('47', '47', 'unknown', 'unknown', 'American', 'Edie Sedgwick');
INSERT INTO artist (artist_id, creator_id, begin_date, end_date, nationality, artist_name) VALUES ('48', '48', 'unknown', 'unknown', 'Netherlandish', 'Johannes Tijl');
INSERT INTO artist (artist_id, creator_id, begin_date, end_date, nationality, artist_name) VALUES ('49', '49', '1815', '1879', 'British', 'Julia Margaret Cameron');
INSERT INTO artist (artist_id, creator_id, begin_date, end_date, nationality, artist_name) VALUES ('50', '50', '1917', '2000', 'American', 'Jacob Lawrence');
INSERT INTO artist (artist_id, creator_id, begin_date, end_date, nationality, artist_name) VALUES ('51', '51', '1887', '1986', 'American', 'Georgia O'Keeffe');
INSERT INTO artist (artist_id, creator_id, begin_date, end_date, nationality, artist_name) VALUES ('52', '52', '1618', '1682', 'French', 'Jean Le Pautre');
INSERT INTO artist (artist_id, creator_id, begin_date, end_date, nationality, artist_name) VALUES ('53', '53', 'unknown', 'unknown', 'British', 'Lucy Elizabeth Drummond Sale-Barker');
INSERT INTO artist (artist_id, creator_id, begin_date, end_date, nationality, artist_name) VALUES ('54', '54', 'unknown', 'unknown', 'British', 'Ann Hogarth');
INSERT INTO artist (artist_id, creator_id, begin_date, end_date, nationality, artist_name) VALUES ('55', '55', 'unknown', 'unknown', 'Unknown', 'Hazel Hawthorne Werner');
INSERT INTO artist (artist_id, creator_id, begin_date, end_date, nationality, artist_name) VALUES ('56', '56', 'unknown', 'unknown', 'Dutch', 'Johannes Vermeer');
INSERT INTO artist (artist_id, creator_id, begin_date, end_date, nationality, artist_name) VALUES ('57', '57', '1553', '1615', 'Italian', 'Cherubino Alberti (Zaccaria Mattia)');
INSERT INTO artist (artist_id, creator_id, begin_date, end_date, nationality, artist_name) VALUES ('58', '58', '1775', '1857', 'Dutch', 'Gerrit Jan Michaëlis');
INSERT INTO artist (artist_id, creator_id, begin_date, end_date, nationality, artist_name) VALUES ('59', '59', 'unknown', 'unknown', 'British', 'E. Churton');
INSERT INTO artist (artist_id, creator_id, begin_date, end_date, nationality, artist_name) VALUES ('60', '60', 'unknown', 'unknown', 'Italian', 'Polidoro da Caravaggio');
INSERT INTO artist (artist_id, creator_id, begin_date, end_date, nationality, artist_name) VALUES ('61', '61', 'unknown', 'unknown', 'Japanese', 'Santō Kyōden 山東京伝');
INSERT INTO artist (artist_id, creator_id, begin_date, end_date, nationality, artist_name) VALUES ('62', '62', '1845', '1857', 'American', 'William Vanderbeek');
INSERT INTO artist (artist_id, creator_id, begin_date, end_date, nationality, artist_name) VALUES ('63', '63', '1840', '1926', 'French', 'Claude Monet');
INSERT INTO artist (artist_id, creator_id, begin_date, end_date, nationality, artist_name) VALUES ('64', '64', '1887', '1985', 'French', 'Marc Chagall');
INSERT INTO artist (artist_id, creator_id, begin_date, end_date, nationality, artist_name) VALUES ('65', '65', '1953', '2004', 'American', 'Stephen Sprouse');
INSERT INTO artist (artist_id, creator_id, begin_date, end_date, nationality, artist_name) VALUES ('66', '66', 'unknown', 'unknown', 'Unknown', 'Rapilly');
INSERT INTO artist (artist_id, creator_id, begin_date, end_date, nationality, artist_name) VALUES ('67', '67', '1928', '1987', 'American', 'Andy Warhol');
INSERT INTO artist (artist_id, creator_id, begin_date, end_date, nationality, artist_name) VALUES ('68', '68', 'unknown', 'unknown', 'French', 'Mlle Marcelle Ledeuil');
INSERT INTO artist (artist_id, creator_id, begin_date, end_date, nationality, artist_name) VALUES ('69', '69', '1963', 'unknown', 'American', 'Marc Jacobs');
INSERT INTO artist (artist_id, creator_id, begin_date, end_date, nationality, artist_name) VALUES ('70', '70', NULL, NULL, NULL, 'Currier & Ives');
INSERT INTO artist (artist_id, creator_id, begin_date, end_date, nationality, artist_name) VALUES ('71', '71', '1535', '1611', 'Italian', 'Giovanni Fortuna');
INSERT INTO artist (artist_id, creator_id, begin_date, end_date, nationality, artist_name) VALUES ('72', '72', '1931', '2013', 'Puerto Rican', 'Myrna Báez');
INSERT INTO artist (artist_id, creator_id, begin_date, end_date, nationality, artist_name) VALUES ('73', '73', 'unknown', 'unknown', 'American', 'J.G. Pangborn');
INSERT INTO artist (artist_id, creator_id, begin_date, end_date, nationality, artist_name) VALUES ('74', '74', 'unknown', 'unknown', 'American', 'Mark Hamasaki');
INSERT INTO artist (artist_id, creator_id, begin_date, end_date, nationality, artist_name) VALUES ('75', '75', 'unknown', 'unknown', 'British', 'Briton Riviere');
INSERT INTO artist (artist_id, creator_id, begin_date, end_date, nationality, artist_name) VALUES ('76', '76', 'unknown', 'unknown', 'Unknown', 'Kamis');
INSERT INTO artist (artist_id, creator_id, begin_date, end_date, nationality, artist_name) VALUES ('77', '77', 'unknown', 'unknown', 'Italian', 'Bartolomeo de' Zanni');
INSERT INTO artist (artist_id, creator_id, begin_date, end_date, nationality, artist_name) VALUES ('78', '78', 'unknown', 'unknown', 'German', 'Braun AG');
INSERT INTO artist (artist_id, creator_id, begin_date, end_date, nationality, artist_name) VALUES ('79', '79', 'unknown', 'unknown', 'unknown', 'Anonymous');
INSERT INTO artist (artist_id, creator_id, begin_date, end_date, nationality, artist_name) VALUES ('80', '80', '1844', '1926', 'American', 'Mary Cassatt');
INSERT INTO artist (artist_id, creator_id, begin_date, end_date, nationality, artist_name) VALUES ('81', '81', '1903', '1975', 'American', 'Walker Evans');
INSERT INTO artist (artist_id, creator_id, begin_date, end_date, nationality, artist_name) VALUES ('82', '82', '1869', '1954', 'French', 'Henri Matisse');
INSERT INTO artist (artist_id, creator_id, begin_date, end_date, nationality, artist_name) VALUES ('83', '83', NULL, NULL, NULL, 'Revere and Son');
INSERT INTO artist (artist_id, creator_id, begin_date, end_date, nationality, artist_name) VALUES ('84', '84', 'unknown', 'unknown', 'British', 'J.C. Denner');
INSERT INTO artist (artist_id, creator_id, begin_date, end_date, nationality, artist_name) VALUES ('85', '85', '1727', '1766', 'Unknown', 'Jean-Martin Winoc Du Moulin');
INSERT INTO artist (artist_id, creator_id, begin_date, end_date, nationality, artist_name) VALUES ('86', '86', '1803', '1828', 'American', 'James Davis');
INSERT INTO artist (artist_id, creator_id, begin_date, end_date, nationality, artist_name) VALUES ('87', '87', '1867', '1959', 'American', 'Frank Lloyd Wright');
INSERT INTO artist (artist_id, creator_id, begin_date, end_date, nationality, artist_name) VALUES ('88', '88', '1755', '1842', 'French', 'Elisabeth Louise Vigée Le Brun');
INSERT INTO artist (artist_id, creator_id, begin_date, end_date, nationality, artist_name) VALUES ('89', '89', '1951', 'unknown', 'Korean', 'Won-Gi Sul');
INSERT INTO artist (artist_id, creator_id, begin_date, end_date, nationality, artist_name) VALUES ('90', '90', '1867', '1917', 'American', 'Bela Lyon Pratt');
INSERT INTO artist (artist_id, creator_id, begin_date, end_date, nationality, artist_name) VALUES ('91', '91', '1741', '1784', 'French', 'François-Alexander Chasteau');
INSERT INTO artist (artist_id, creator_id, begin_date, end_date, nationality, artist_name) VALUES ('92', '92', '1606', '1669', 'Dutch', 'Rembrandt');
INSERT INTO artist (artist_id, creator_id, begin_date, end_date, nationality, artist_name) VALUES ('93', '93', '1680', '1746', 'German', 'Paul Heineken');
INSERT INTO company (company_id, creator_id, nationality, company_name) VALUES ('1', '94', 'American', 'Forestville Manufacturing Company');
INSERT INTO company (company_id, creator_id, nationality, company_name) VALUES ('2', '95', 'American', 'Union Glass Company');
INSERT INTO company (company_id, creator_id, nationality, company_name) VALUES ('3', '96', 'American', 'New England Glass Company');
INSERT INTO company (company_id, creator_id, nationality, company_name) VALUES ('4', '97', 'French', 'Louis Vuitton Co.');
INSERT INTO company (company_id, creator_id, nationality, company_name) VALUES ('5', '98', 'Unknown', 'Tiffany & Co.');
INSERT INTO artobject (object_id, object_name, objectmuseum_id, museum_id, creator_id, year, medium_id, type_id, dept_id) VALUES ('1', 'Sheet, linen mark, fine spin, medium weave', '36.3.120', '1', '79', 'ca. 1492–1473 B.C.', '4', '3', '3');
INSERT INTO artobject (object_id, object_name, objectmuseum_id, museum_id, creator_id, year, medium_id, type_id, dept_id) VALUES ('2', '[Uncle Sam Plantation House, St. James Parish, Louisiana]', '1994.253.447 (30)', '1', '81', 'March 1935', '4', '3', '3');
INSERT INTO artobject (object_id, object_name, objectmuseum_id, museum_id, creator_id, year, medium_id, type_id, dept_id) VALUES ('3', 'Piece', '09.50.666', '1', '79', '19th century', '4', '3', '3');
INSERT INTO artobject (object_id, object_name, objectmuseum_id, museum_id, creator_id, year, medium_id, type_id, dept_id) VALUES ('4', 'Arrowhead', '59.107.33', '1', '79', 'ca. 612 BCE', '4', '3', '3');
INSERT INTO artobject (object_id, object_name, objectmuseum_id, museum_id, creator_id, year, medium_id, type_id, dept_id) VALUES ('5', 'Fountain in a park topped with a statue of Neptune, from Fontaines où jets d'eau à la moderne, plate 4, bound in Oeuvres. Vol. II', '33.84(2.124)', '1', '52', '17th century', '4', '3', '3');
INSERT INTO artobject (object_id, object_name, objectmuseum_id, museum_id, creator_id, year, medium_id, type_id, dept_id) VALUES ('6', 'The Adams Vase', '04.1a–c', '2', '37', '1893–95', '4', '3', '3');
INSERT INTO artobject (object_id, object_name, objectmuseum_id, museum_id, creator_id, year, medium_id, type_id, dept_id) VALUES ('7', 'Two-and-a-Half Dollar Coin', '67.265.11', '2', '79', '1909–27', '3', '4', '1');
INSERT INTO artobject (object_id, object_name, objectmuseum_id, museum_id, creator_id, year, medium_id, type_id, dept_id) VALUES ('8', 'Five-dollar Indian Head Coin', '1979.486.4', '2', '90', '1910', '3', '4', '1');
INSERT INTO artobject (object_id, object_name, objectmuseum_id, museum_id, creator_id, year, medium_id, type_id, dept_id) VALUES ('9', 'Five-dollar Liberty Head Coin', '1979.486.5', '2', '28', '1907', '3', '4', '1');
INSERT INTO artobject (object_id, object_name, objectmuseum_id, museum_id, creator_id, year, medium_id, type_id, dept_id) VALUES ('10', 'Side Chair', '1976.319', '2', '22', 'ca. 1887', '5', '2', '1');
INSERT INTO artobject (object_id, object_name, objectmuseum_id, museum_id, creator_id, year, medium_id, type_id, dept_id) VALUES ('11', 'Figure of Admiral Samuel Hood', '38.165.50', '3', '26', 'ca. 1785', '4', '3', '3');
INSERT INTO artobject (object_id, object_name, objectmuseum_id, museum_id, creator_id, year, medium_id, type_id, dept_id) VALUES ('12', 'Acorn Clock', '1970.289.6', '3', '94', '1847–50', '4', '3', '3');
INSERT INTO artobject (object_id, object_name, objectmuseum_id, museum_id, creator_id, year, medium_id, type_id, dept_id) VALUES ('13', 'Figure of Admiral George Rodney', '38.165.51', '3', '26', 'ca. 1785', '4', '3', '3');
INSERT INTO artobject (object_id, object_name, objectmuseum_id, museum_id, creator_id, year, medium_id, type_id, dept_id) VALUES ('14', 'Advertisement for Norwich Stone Ware Factory', '18.11.10', '3', '79', '1770–1800', '4', '3', '3');
INSERT INTO artobject (object_id, object_name, objectmuseum_id, museum_id, creator_id, year, medium_id, type_id, dept_id) VALUES ('15', 'Bust of Abraham Lincoln', '64.62', '3', '3', '1876', '2', '1', '4');
INSERT INTO artobject (object_id, object_name, objectmuseum_id, museum_id, creator_id, year, medium_id, type_id, dept_id) VALUES ('16', 'Andiron', '60.58.1', '4', '79', '1795–1810', '4', '3', '3');
INSERT INTO artobject (object_id, object_name, objectmuseum_id, museum_id, creator_id, year, medium_id, type_id, dept_id) VALUES ('17', 'Andiron', '10.125.445a', '4', '30', '1792–1814', '4', '3', '3');
INSERT INTO artobject (object_id, object_name, objectmuseum_id, museum_id, creator_id, year, medium_id, type_id, dept_id) VALUES ('18', 'Ale Glass', '46.140.864', '4', '95', '1850–70', '4', '3', '3');
INSERT INTO artobject (object_id, object_name, objectmuseum_id, museum_id, creator_id, year, medium_id, type_id, dept_id) VALUES ('19', 'Andiron', '60.58.2', '4', '79', '1795–1810', '4', '3', '3');
INSERT INTO artobject (object_id, object_name, objectmuseum_id, museum_id, creator_id, year, medium_id, type_id, dept_id) VALUES ('20', 'Ale Glass', '46.140.143', '4', '96', '1830–70', '4', '3', '3');
INSERT INTO artobject (object_id, object_name, objectmuseum_id, museum_id, creator_id, year, medium_id, type_id, dept_id) VALUES ('21', 'Andiron', '10.125.447a', '5', '83', '1787–1810', '4', '3', '3');
INSERT INTO artobject (object_id, object_name, objectmuseum_id, museum_id, creator_id, year, medium_id, type_id, dept_id) VALUES ('22', 'Revolving Armchair', '1979.130', '5', '87', 'ca. 1904', '4', '3', '3');
INSERT INTO artobject (object_id, object_name, objectmuseum_id, museum_id, creator_id, year, medium_id, type_id, dept_id) VALUES ('23', 'Andiron', '10.125.445b', '5', '30', '1792–1814', '4', '3', '3');
INSERT INTO artobject (object_id, object_name, objectmuseum_id, museum_id, creator_id, year, medium_id, type_id, dept_id) VALUES ('24', 'Andiron', '10.125.447b', '5', '83', '1787–1810', '4', '3', '3');
INSERT INTO artobject (object_id, object_name, objectmuseum_id, museum_id, creator_id, year, medium_id, type_id, dept_id) VALUES ('25', 'Andiron', '10.125.446b', '5', '86', '1803–28', '4', '3', '3');
INSERT INTO artobject (object_id, object_name, objectmuseum_id, museum_id, creator_id, year, medium_id, type_id, dept_id) VALUES ('26', 'Cameo Medallion of Benjamin Franklin', '16.74.39', '6', '32', '1776–1800', '4', '3', '3');
INSERT INTO artobject (object_id, object_name, objectmuseum_id, museum_id, creator_id, year, medium_id, type_id, dept_id) VALUES ('27', 'St. John the Baptist', '93.11', '6', '40', 'original model 1880, cast 1883', '4', '3', '3');
INSERT INTO artobject (object_id, object_name, objectmuseum_id, museum_id, creator_id, year, medium_id, type_id, dept_id) VALUES ('28', 'The Vestal', '2015.787.8', '6', '21', 'probably ca. 1819–23', '4', '3', '3');
INSERT INTO artobject (object_id, object_name, objectmuseum_id, museum_id, creator_id, year, medium_id, type_id, dept_id) VALUES ('29', 'T-shirt', '1988.1101.2', '6', '65', 'ca. 1988', '1', '5', '5');
INSERT INTO artobject (object_id, object_name, objectmuseum_id, museum_id, creator_id, year, medium_id, type_id, dept_id) VALUES ('30', 'Child in Green Coat', '22.16.24', '6', '80', 'ca. 1904', '4', '3', '3');
INSERT INTO artobject (object_id, object_name, objectmuseum_id, museum_id, creator_id, year, medium_id, type_id, dept_id) VALUES ('31', 'Coal Miner's House, Scott's Run, West Virginia', '1971.646.13', '7', '81', '1935', '4', '3', '3');
INSERT INTO artobject (object_id, object_name, objectmuseum_id, museum_id, creator_id, year, medium_id, type_id, dept_id) VALUES ('32', 'Femme Couchée', '2021.28.4', '7', '82', '1923', '4', '3', '3');
INSERT INTO artobject (object_id, object_name, objectmuseum_id, museum_id, creator_id, year, medium_id, type_id, dept_id) VALUES ('33', 'Female Nude Seen from Behind', '17.190.467', '7', '17', 'early 17th century', '4', '3', '3');
INSERT INTO artobject (object_id, object_name, objectmuseum_id, museum_id, creator_id, year, medium_id, type_id, dept_id) VALUES ('34', '[Looking from Garage to Studio Door, Abiquiu, New Mexico]', '1977.657.1', '7', '51', '1957–58', '4', '3', '3');
INSERT INTO artobject (object_id, object_name, objectmuseum_id, museum_id, creator_id, year, medium_id, type_id, dept_id) VALUES ('35', '[Ceylonese Group by a Tree]', '1972.692', '7', '49', '1878', '4', '3', '3');
INSERT INTO artobject (object_id, object_name, objectmuseum_id, museum_id, creator_id, year, medium_id, type_id, dept_id) VALUES ('36', 'Landscape', '67.55.29', '8', '63', '1864–1866', '4', '3', '3');
INSERT INTO artobject (object_id, object_name, objectmuseum_id, museum_id, creator_id, year, medium_id, type_id, dept_id) VALUES ('37', 'A Ride to School', '63.550.356', '8', '70', '1868–78', '4', '3', '3');
INSERT INTO artobject (object_id, object_name, objectmuseum_id, museum_id, creator_id, year, medium_id, type_id, dept_id) VALUES ('38', 'Child's Head', '17.190.2', '8', '24', '18th century', '4', '3', '3');
INSERT INTO artobject (object_id, object_name, objectmuseum_id, museum_id, creator_id, year, medium_id, type_id, dept_id) VALUES ('39', 'The Zouave', '62.151', '8', '36', 'ca. June 20, 1888', '4', '3', '3');
INSERT INTO artobject (object_id, object_name, objectmuseum_id, museum_id, creator_id, year, medium_id, type_id, dept_id) VALUES ('40', 'Wheat Field', '64.125.3', '8', '36', 'July 1888', '4', '3', '3');
INSERT INTO artobject (object_id, object_name, objectmuseum_id, museum_id, creator_id, year, medium_id, type_id, dept_id) VALUES ('41', 'Young Pollards', 'X.251', '9', '46', 'ca. 1801', '4', '3', '3');
INSERT INTO artobject (object_id, object_name, objectmuseum_id, museum_id, creator_id, year, medium_id, type_id, dept_id) VALUES ('42', 'Portrait of a Man ("The Auctioneer")', '14.40.624', '9', '92', 'probably ca. 1658–62', '6', '6', '2');
INSERT INTO artobject (object_id, object_name, objectmuseum_id, museum_id, creator_id, year, medium_id, type_id, dept_id) VALUES ('43', 'Painter and Model in an Armchair', '1988.1101.2', '9', '18', '1963', '4', '3', '3');
INSERT INTO artobject (object_id, object_name, objectmuseum_id, museum_id, creator_id, year, medium_id, type_id, dept_id) VALUES ('44', 'Untitled (Blue Face and Red Hand) in Derrière le Miroir', '1994.604.1', '9', '64', '1956', '4', '3', '3');
INSERT INTO artobject (object_id, object_name, objectmuseum_id, museum_id, creator_id, year, medium_id, type_id, dept_id) VALUES ('45', 'Vessel with grotesque masks, griffins, and a frieze populated by a bull and men in bas-relief', '2012.136.122', '9', '79', 'ca. 1550–1600', '4', '3', '3');
INSERT INTO artobject (object_id, object_name, objectmuseum_id, museum_id, creator_id, year, medium_id, type_id, dept_id) VALUES ('46', 'Allegory of the Catholic Faith', '32.100.18', '10', '56', 'ca. 1670–72', '4', '3', '3');
INSERT INTO artobject (object_id, object_name, objectmuseum_id, museum_id, creator_id, year, medium_id, type_id, dept_id) VALUES ('47', 'The Junk Man', '1999.529.59', '10', '15', 'ca. 1955', '4', '3', '3');
INSERT INTO artobject (object_id, object_name, objectmuseum_id, museum_id, creator_id, year, medium_id, type_id, dept_id) VALUES ('48', 'Trench Coat', '2015.500.1', '10', '97', '2012', '4', '3', '3');
INSERT INTO artobject (object_id, object_name, objectmuseum_id, museum_id, creator_id, year, medium_id, type_id, dept_id) VALUES ('49', 'Pool Parlor', '2001.478', '10', '50', '1942', '4', '3', '3');
INSERT INTO artobject (object_id, object_name, objectmuseum_id, museum_id, creator_id, year, medium_id, type_id, dept_id) VALUES ('50', 'Five Seated Women', '1981.497.1', '10', '43', '1921', '4', '3', '3');
INSERT INTO user_collection (user_id, object_id, note, date_added) VALUES
(1, 1, 'Saved on first visit', CURRENT_TIMESTAMP),
(1, 5, 'Interesting sculpture', CURRENT_TIMESTAMP),
(1, 20, 'Favorite piece', CURRENT_TIMESTAMP),
(2, 7, 'Loved the historical value', CURRENT_TIMESTAMP),
(2, 12, 'Photographed during visit', CURRENT_TIMESTAMP),
(3, 29, 'Found at MoMA', CURRENT_TIMESTAMP),
(3, 30, 'Beautiful painting', CURRENT_TIMESTAMP),
(3, 40, 'Saved for later research', CURRENT_TIMESTAMP),
(1, 42, 'Rembrandt masterpiece', CURRENT_TIMESTAMP),
(2, 18, 'Fascinating artifact', CURRENT_TIMESTAMP);